{"initial_reset_timestamp": 1569432186.28102, "timestamps": [1569432263.016892, 1569432375.2038841], "episode_lengths": [390, 758], "episode_rewards": [0.0, 0.0], "episode_types": ["t", "t", "t", "t"]}